{
  "AddFeed request" : {
    "transaction" : "AddFeed request",
    "sampleCount" : 100,
    "errorCount" : 3,
    "errorPct" : 3.0,
    "meanResTime" : 9993.32,
    "medianResTime" : 7036.0,
    "minResTime" : 129.0,
    "maxResTime" : 30445.0,
    "pct1ResTime" : 24698.4,
    "pct2ResTime" : 27229.999999999996,
    "pct3ResTime" : 30444.69,
    "throughput" : 1.1249226615670174,
    "receivedKBytesPerSec" : 1.9900804671241352,
    "sentKBytesPerSec" : 0.49888782060295855
  },
  "SendMail request-0" : {
    "transaction" : "SendMail request-0",
    "sampleCount" : 82,
    "errorCount" : 0,
    "errorPct" : 0.0,
    "meanResTime" : 27762.682926829264,
    "medianResTime" : 29455.0,
    "minResTime" : 6103.0,
    "maxResTime" : 49699.0,
    "pct1ResTime" : 42370.2,
    "pct2ResTime" : 44037.049999999996,
    "pct3ResTime" : 49699.0,
    "throughput" : 0.6347780986073587,
    "receivedKBytesPerSec" : 0.09050547109050232,
    "sentKBytesPerSec" : 0.17853134023331965
  },
  "SendMail request-1" : {
    "transaction" : "SendMail request-1",
    "sampleCount" : 82,
    "errorCount" : 0,
    "errorPct" : 0.0,
    "meanResTime" : 96.81707317073169,
    "medianResTime" : 80.0,
    "minResTime" : 50.0,
    "maxResTime" : 339.0,
    "pct1ResTime" : 165.10000000000002,
    "pct2ResTime" : 194.24999999999986,
    "pct3ResTime" : 339.0,
    "throughput" : 0.6656168319885709,
    "receivedKBytesPerSec" : 1.110267710379564,
    "sentKBytesPerSec" : 0.08385212043606019
  },
  "Total" : {
    "transaction" : "Total",
    "sampleCount" : 658,
    "errorCount" : 21,
    "errorPct" : 3.1914895,
    "meanResTime" : 10699.369300911849,
    "medianResTime" : 189.0,
    "minResTime" : 47.0,
    "maxResTime" : 49801.0,
    "pct1ResTime" : 31512.4,
    "pct2ResTime" : 37774.09999999999,
    "pct3ResTime" : 44235.74,
    "throughput" : 4.71211687195646,
    "receivedKBytesPerSec" : 5.899251535197652,
    "sentKBytesPerSec" : 1.233018554407763
  },
  "Get request" : {
    "transaction" : "Get request",
    "sampleCount" : 100,
    "errorCount" : 0,
    "errorPct" : 0.0,
    "meanResTime" : 107.85000000000002,
    "medianResTime" : 86.5,
    "minResTime" : 51.0,
    "maxResTime" : 527.0,
    "pct1ResTime" : 182.9,
    "pct2ResTime" : 217.5999999999999,
    "pct3ResTime" : 526.4499999999997,
    "throughput" : 0.8116026717959955,
    "receivedKBytesPerSec" : 1.3542668488714666,
    "sentKBytesPerSec" : 0.10224291470867522
  },
  "AddFeed request-1" : {
    "transaction" : "AddFeed request-1",
    "sampleCount" : 97,
    "errorCount" : 0,
    "errorPct" : 0.0,
    "meanResTime" : 76.23711340206181,
    "medianResTime" : 58.0,
    "minResTime" : 47.0,
    "maxResTime" : 251.0,
    "pct1ResTime" : 133.4,
    "pct2ResTime" : 165.69999999999996,
    "pct3ResTime" : 251.0,
    "throughput" : 1.0934998759948595,
    "receivedKBytesPerSec" : 1.823978666183798,
    "sentKBytesPerSec" : 0.13775535547200865
  },
  "AddFeed request-0" : {
    "transaction" : "AddFeed request-0",
    "sampleCount" : 97,
    "errorCount" : 0,
    "errorPct" : 0.0,
    "meanResTime" : 9286.505154639173,
    "medianResTime" : 6462.0,
    "minResTime" : 72.0,
    "maxResTime" : 28720.0,
    "pct1ResTime" : 23506.000000000004,
    "pct2ResTime" : 26072.1,
    "pct3ResTime" : 28720.0,
    "throughput" : 1.0926868832514758,
    "receivedKBytesPerSec" : 0.1557932470260893,
    "sentKBytesPerSec" : 0.35106834432591355
  },
  "SendMail request" : {
    "transaction" : "SendMail request",
    "sampleCount" : 100,
    "errorCount" : 18,
    "errorPct" : 18.0,
    "meanResTime" : 28374.03,
    "medianResTime" : 30503.0,
    "minResTime" : 6159.0,
    "maxResTime" : 49801.0,
    "pct1ResTime" : 41150.5,
    "pct2ResTime" : 43945.94999999999,
    "pct3ResTime" : 49750.199999999975,
    "throughput" : 0.773413149570369,
    "receivedKBytesPerSec" : 1.2057692270508984,
    "sentKBytesPerSec" : 0.2974166308963085
  }
}